y,ds
0.687822260705772,2016-01-01
0.7394379381742742,2016-01-02
0.7405014492023445,2016-01-03
0.7410702438001588,2016-01-04
0.7199373168971018,2016-01-05
0.7322107598468476,2016-01-06
0.735870141258537,2016-01-07
0.7652362022309023,2016-01-08
0.7650993514868899,2016-01-09
0.711810207126462,2016-01-10
0.7273332807334096,2016-01-11
0.7438820013241177,2016-01-12
0.7336714723950454,2016-01-13
0.7100216934191618,2016-01-14
0.7713471262945965,2016-01-15
0.7911136962481914,2016-01-16
0.7744683195075875,2016-01-17
0.7495300061352241,2016-01-18
0.6983628219568344,2016-01-19
0.6801733405673962,2016-01-20
0.7572651372870627,2016-01-21
0.6902895307290314,2016-01-22
0.7298459442433051,2016-01-23
0.7183288481768033,2016-01-24
0.6763219525405785,2016-01-25
0.6922380590302225,2016-01-26
0.7692970249183576,2016-01-27
0.7668081692848041,2016-01-28
0.7206595633889519,2016-01-29
0.7539259519179287,2016-01-30
0.7646366931841669,2016-01-31
0.7456746376104769,2016-02-01
0.7157110125137471,2016-02-02
0.6925944037695754,2016-02-03
0.6981528809513547,2016-02-05
0.7077270427157945,2016-02-06
0.7173489156113063,2016-02-07
0.7194583961020273,2016-02-08
0.6908602710984306,2016-02-09
0.6558929209898005,2016-02-10
0.680624956938953,2016-02-11
0.7019921084335675,2016-02-12
0.6946040335846497,2016-02-13
0.6430124084304003,2016-02-14
0.753708895203617,2016-02-15
0.6977476308648392,2016-02-16
0.6517433178201114,2016-02-17
0.7332390997991824,2016-02-18
0.734227739734147,2016-02-19
0.7205226545333326,2016-02-20
0.7153088013935941,2016-02-21
0.7536587515445585,2016-02-22
0.6724400128994242,2016-02-23
0.6897754550142686,2016-02-24
0.7239911958465746,2016-02-25
0.7449609233632136,2016-02-26
0.7579593062788329,2016-02-27
0.725989320219323,2016-02-28
0.7839023971137442,2016-02-29
0.7801900523241347,2016-03-01
0.7739500918668971,2016-03-02
0.7406175275895485,2016-03-03
0.684558988790898,2016-03-04
0.7444145233198349,2016-03-05
0.7723028695919305,2016-03-06
0.7138658080174177,2016-03-07
0.7406769305429751,2016-03-08
0.5984894841094179,2016-03-09
0.6601233967024038,2016-03-10
0.7074474652301591,2016-03-11
0.6946237781821858,2016-03-12
0.7578879518564373,2016-03-13
0.7030108243198468,2016-03-14
0.6684831568483285,2016-03-15
0.6179617606812289,2016-03-16
0.616791326287571,2016-03-17
0.6359382816214084,2016-03-18
0.6752467458611351,2016-03-19
0.7441364860817297,2016-03-20
0.7448404715908047,2016-03-21
0.7985599516817842,2016-03-22
0.752527000553589,2016-03-23
0.7819328824484577,2016-03-24
0.6939848703818271,2016-03-25
0.80198368428156,2016-03-26
0.7693138785941078,2016-03-27
0.7471075342731964,2016-03-28
0.7352219222269829,2016-03-29
0.7369991601084639,2016-03-30
0.7525082137866239,2016-03-31
0.7753917519472009,2016-04-01
0.7912415682361945,2016-04-02
0.7469196662350219,2016-04-03
0.7840930635041914,2016-04-04
0.7861570442654078,2016-04-05
0.766908709344464,2016-04-06
0.7566688662223094,2016-04-07
0.7612307147022358,2016-04-08
0.8334490289961207,2016-04-09
0.8028283988415158,2016-04-10
0.7806763110460057,2016-04-11
0.7856965543845695,2016-04-12
0.735080788752089,2016-04-13
0.7913587719792202,2016-04-14
0.7558157787412518,2016-04-15
0.7999946417539104,2016-04-16
0.7601994817789243,2016-04-17
0.7519450942093696,2016-04-18
0.7959467349209137,2016-04-19
0.7713746189874295,2016-04-20
0.7849798887427243,2016-04-21
0.7866175629760835,2016-04-22
0.801822357082881,2016-04-23
0.7987878597640103,2016-04-24
0.775934522815657,2016-04-25
0.779108165168449,2016-04-26
0.7481923272150725,2016-04-27
0.8059264615730256,2016-04-28
0.8123145270484586,2016-04-29
0.7602925437436236,2016-04-30
0.7742920310259302,2016-05-01
0.7753771460097809,2016-05-02
0.798930098720865,2016-05-03
0.838604554507884,2016-05-04
0.7733547623578213,2016-05-05
0.7911275737274972,2016-05-06
0.8394411626213075,2016-05-07
0.7849092640028693,2016-05-08
0.7692292553878933,2016-05-09
0.8145927605537223,2016-05-10
0.8078086599388554,2016-05-11
0.7229114273019558,2016-05-12
0.705190077498508,2016-05-13
0.7806427220718598,2016-05-14
0.811989992766723,2016-05-15
0.8055786539054656,2016-05-16
0.7784540017924493,2016-05-17
0.7716468064230593,2016-05-18
0.7662010838785207,2016-05-19
0.7769032084468005,2016-05-20
0.7687691675171936,2016-05-21
0.7540737493605192,2016-05-22
0.7784881267458547,2016-05-23
0.7865799947805566,2016-05-24
0.7930522595831323,2016-05-25
0.7260748690001558,2016-05-26
0.7771342178176335,2016-05-27
0.7723735328292294,2016-05-28
0.7745936594306002,2016-05-29
0.7745448451965329,2016-05-30
0.7754912048674749,2016-05-31
0.7318799623442627,2016-06-01
0.7909658085876023,2016-06-02
0.7423047041499996,2016-06-03
0.7559769215007468,2016-06-04
0.7291917766342753,2016-06-05
0.7584177938201293,2016-06-06
0.7942249900157597,2016-06-07
0.7704272086031109,2016-06-08
0.7808673830690219,2016-06-09
0.8304525355952969,2016-06-10
0.7871856143135183,2016-06-11
0.7607575128213454,2016-06-12
0.7880437952913705,2016-06-13
0.7618988766788121,2016-06-14
0.8077829398670494,2016-06-15
0.7731681755222107,2016-06-16
0.7983334131347752,2016-06-17
0.7466313864780807,2016-06-18
0.7553602000448207,2016-06-19
0.7071982689053373,2016-06-20
0.7191951650322742,2016-06-21
0.7181070503407444,2016-06-22
0.731760003969978,2016-06-23
0.751674949930993,2016-06-24
0.8023911769165553,2016-06-25
0.7438905107088086,2016-06-26
0.7694318602349041,2016-06-27
0.7589655795601302,2016-06-28
0.7577989161594918,2016-06-29
0.7092348734363099,2016-06-30
0.7686076370287332,2016-07-01
0.8090984644130117,2016-07-02
0.7509236534415282,2016-07-03
0.8316305760229298,2016-07-04
0.7580614108683086,2016-07-05
0.7697998018083582,2016-07-06
0.813029125119191,2016-07-07
0.7607455572665256,2016-07-08
0.8095786989027209,2016-07-09
0.7769804918506732,2016-07-10
0.785068439776492,2016-07-11
0.7414917728661388,2016-07-12
0.729602678655478,2016-07-13
0.7241526192667835,2016-07-14
0.7585509225941833,2016-07-15
0.8186976150774178,2016-07-16
0.750823235968691,2016-07-17
0.747051775877038,2016-07-18
0.7419260063275424,2016-07-19
0.7901903334299796,2016-07-20
0.8069501133168875,2016-07-21
0.764745919968077,2016-07-22
0.798320466271771,2016-07-23
0.7524927314341657,2016-07-24
0.780382855313447,2016-07-25
0.7398145183814201,2016-07-26
0.6936996949560322,2016-07-27
0.7106423722259578,2016-07-28
0.766946850086035,2016-07-29
0.6911167204885055,2016-07-30
0.668844095742986,2016-07-31
0.7336705715778188,2016-08-01
0.8152274603194372,2016-08-02
0.7392259397828401,2016-08-03
0.7452641420553869,2016-08-04
0.7608055303563808,2016-08-05
0.7970621879389307,2016-08-06
0.7783483838055666,2016-08-07
0.7821128425980032,2016-08-08
0.7528538244353008,2016-08-09
0.7673221141433303,2016-08-10
0.7845735770851294,2016-08-11
0.7944989809670885,2016-08-12
0.8379636022300225,2016-08-13
0.7438377983897434,2016-08-14
0.7864440830571143,2016-08-15
0.7746593856133975,2016-08-16
0.7606507766976435,2016-08-17
0.7995432286170884,2016-08-18
0.8010242998570016,2016-08-19
0.8280574396923986,2016-08-20
0.7534807042439319,2016-08-21
0.8387520572631165,2016-08-22
0.8033529534792582,2016-08-23
0.8147016957585607,2016-08-24
0.7615113799568543,2016-08-25
0.8070517754444476,2016-08-26
0.8203373933236664,2016-08-27
0.7959292833548407,2016-08-28
0.7825469997857962,2016-08-29
0.8209721542617203,2016-08-30
0.8101653489606788,2016-08-31
0.783003730079778,2016-09-01
0.7793375827613431,2016-09-02
0.8142274766633637,2016-09-03
0.7762217021385506,2016-09-04
0.7682973508153038,2016-09-05
0.8090249110415796,2016-09-06
0.8057207291591814,2016-09-07
0.7985481111529955,2016-09-08
0.8185339604843128,2016-09-09
0.8544606547203022,2016-09-10
0.7969366490022013,2016-09-11
0.7401364979506353,2016-09-12
0.7988762598225718,2016-09-13
0.7351469279826015,2016-09-14
0.8220511676159948,2016-09-15
0.8228438431591079,2016-09-17
0.8024447400817594,2016-09-18
0.7842343302393119,2016-09-19
0.7964709532728356,2016-09-20
0.7706573218612821,2016-09-21
0.7514194531772156,2016-09-22
0.7757372091222242,2016-09-23
0.859966133474319,2016-09-24
0.7802184973989543,2016-09-25
0.7935179961015081,2016-09-26
0.7546887449180023,2016-09-27
0.7836083930771742,2016-09-28
0.7777736505455783,2016-09-29
0.7821934126137181,2016-09-30
0.8301911687471868,2016-10-01
0.7772729861711767,2016-10-02
0.790685374635714,2016-10-03
0.7547979527121955,2016-10-04
0.7912031623871781,2016-10-05
0.7612528492460755,2016-10-06
0.7801221045287164,2016-10-07
0.8413084271517838,2016-10-08
0.7781066438028311,2016-10-09
0.7895538511077141,2016-10-10
0.8026676143635184,2016-10-11
0.7348887701498025,2016-10-12
0.748631263989662,2016-10-13
0.8063806813529488,2016-10-14
0.8316639958903167,2016-10-15
0.7559751853395543,2016-10-16
0.7707907142181165,2016-10-17
0.7543816583968226,2016-10-18
0.8184098094401167,2016-10-19
0.7833102969899148,2016-10-20
0.8172172115042668,2016-10-21
0.8182387741639551,2016-10-22
0.7601562307799958,2016-10-23
0.7585993250070677,2016-10-24
0.7772143920144837,2016-10-25
0.7911042591568593,2016-10-26
0.7342332880101927,2016-10-27
0.7252099510146313,2016-10-28
0.8479669749153833,2016-10-29
0.7571952252759544,2016-10-30
0.7564651280357004,2016-10-31
0.7906176079770357,2016-11-01
0.8218498764505688,2016-11-02
0.7814896939426705,2016-11-03
0.7720339623023993,2016-11-04
0.8288381726649473,2016-11-05
0.7341204720730027,2016-11-06
0.7382489804815546,2016-11-07
0.79566931124467,2016-11-08
0.7601600756990089,2016-11-09
0.7737609704490245,2016-11-10
0.7967067283523541,2016-11-11
0.8460151071825514,2016-11-12
0.7796275234609803,2016-11-13
0.7569062724505737,2016-11-14
0.7501936719378671,2016-11-15
0.8131081209235665,2016-11-16
0.7312189959575649,2016-11-17
0.8294622874883785,2016-11-18
0.8184251672584184,2016-11-19
0.7678653664875944,2016-11-20
0.7575576714372374,2016-11-21
0.7069012446193261,2016-11-22
0.771154597834633,2016-11-23
0.7541773682545931,2016-11-24
0.8132568728800563,2016-11-25
0.8758977318755169,2016-11-26
0.781483459790156,2016-11-27
0.7433561985649337,2016-11-28
0.7452020179202816,2016-11-29
0.7033409886619492,2016-11-30
0.7733568018799415,2016-12-01
0.8389766978256372,2016-12-02
0.8567995659644905,2016-12-03
0.7935470482583598,2016-12-04
0.7808930951045419,2016-12-05
0.7558477265126583,2016-12-06
0.7829490546594264,2016-12-07
0.7553327404276261,2016-12-08
0.803941679999371,2016-12-09
0.8416395047846063,2016-12-10
0.779278873258537,2016-12-11
0.7734760811368343,2016-12-12
0.8017661311533872,2016-12-13
0.8677066788056199,2016-12-14
0.725209416480281,2016-12-15
0.7288620354527897,2016-12-16
0.7878662328001889,2016-12-17
0.8148782511555551,2016-12-18
0.7896008954885124,2016-12-19
0.7520971419352285,2016-12-20
0.7662961438861324,2016-12-21
0.7870554684844363,2016-12-22
0.7844293019784266,2016-12-23
0.8510295672960567,2016-12-24
0.7413731232302714,2016-12-25
0.8052273573320574,2016-12-26
0.7870820895636397,2016-12-27
0.8537263563238802,2016-12-28
0.8296447206584399,2016-12-29
0.792001990306453,2016-12-30
0.8759509277645269,2016-12-31
0.7854684638661609,2017-01-01
0.7969995665102683,2017-01-02
0.7869069372483675,2017-01-03
0.7791465458699585,2017-01-04
0.8126286018605674,2017-01-05
0.8578560119387263,2017-01-06
0.8501612824300353,2017-01-07
0.7749630675763957,2017-01-08
0.769476087132277,2017-01-09
0.8533314635680518,2017-01-10
0.8708421319995491,2017-01-11
0.7929036782016406,2017-01-12
0.8380934609671457,2017-01-13
0.8706983185418019,2017-01-14
0.8082688345997003,2017-01-15
0.8152969316547054,2017-01-16
0.8258035804430496,2017-01-17
0.8343324063009295,2017-01-18
0.7617903238610237,2017-01-19
0.8197701269457062,2017-01-20
0.7971268086842006,2017-01-21
0.7730609320100852,2017-01-22
0.8085260338932673,2017-01-23
0.835634168168995,2017-01-24
0.7504049894025908,2017-01-25
0.790721403067831,2017-01-26
0.8040427104297609,2017-01-27
0.857609761291559,2017-01-28
0.807688473556878,2017-01-29
0.7635741938033145,2017-01-30
0.8286378029028784,2017-01-31
0.8458833640265716,2017-02-01
0.8278419385643088,2017-02-02
0.8156665149613596,2017-02-03
0.8158117073163685,2017-02-04
0.8184400712984199,2017-02-05
0.7945826910433379,2017-02-06
0.76342560726024,2017-02-07
0.8253638750474874,2017-03-03
0.8612327689741307,2017-03-04
0.8382714685641405,2017-03-05
0.8519751669672427,2017-03-06
0.8476263214094883,2017-03-07
0.8510128246692428,2017-03-08
0.8218264301433433,2017-03-09
0.8285832817339089,2017-03-10
0.8576481763632561,2017-03-11
0.8219327636169331,2017-03-12
0.8588355291226976,2017-03-13
0.7772070546303006,2017-03-14
0.8173868423485539,2017-03-15
0.8235716761148949,2017-03-16
0.8336737439367663,2017-03-17
0.8479712907180367,2017-03-18
0.8529890236054742,2017-03-19
0.8121357406860674,2017-03-20
0.8342239981612376,2017-03-21
0.8655704772596291,2017-03-22
0.8541885793030671,2017-03-23
0.85892148394305,2017-03-24
0.8530263244594865,2017-03-25
0.8285567342941021,2017-03-26
0.8426565656819462,2017-03-27
0.868057387777562,2017-03-28
0.8464734776030134,2017-03-29
0.7949976223763993,2017-03-30
0.8089615950576255,2017-03-31
0.8278338607808828,2017-04-01
0.8012808877995884,2017-04-02
0.832334639611954,2017-04-03
0.8290204966995143,2017-04-04
0.8250071058939014,2017-04-05
0.8670214694655461,2017-04-06
0.7950207534008423,2017-04-07
0.8588739317810716,2017-04-08
0.8221826016904719,2017-04-09
0.8572562560931466,2017-04-10
0.8299910525716023,2017-04-11
0.781673957936295,2017-04-12
0.8170812028938134,2017-04-13
0.8105108899353693,2017-04-14
0.8476065600201559,2017-04-15
0.8275536714060892,2017-04-16
0.8129900743139258,2017-04-17
0.8569676903031294,2017-04-18
0.8344915558944133,2017-04-19
0.8337902645956018,2017-04-20
0.8329763666240677,2017-04-21
0.661893280690219,2017-04-22
0.6767602176456212,2017-04-23
0.8827739774037027,2017-04-24
0.8552894029620915,2017-04-25
0.8498124166205823,2017-04-26
0.8139503631715039,2017-04-27
0.8349027202163246,2017-04-28
0.8322768191151031,2017-04-29
0.8347607225917084,2017-04-30
0.8430676848527033,2017-05-01
0.7962144466809449,2017-05-02
0.7700993627240758,2017-05-03
0.739394224579477,2017-05-04
0.7140467205777623,2017-05-05
0.7722030500891767,2017-05-06
0.7428870672605136,2017-05-07
0.7948645629643234,2017-05-08
0.7744960057843999,2017-05-09
0.8168875215194418,2017-05-10
0.7770070363348952,2017-05-11
0.7973523067715715,2017-05-12
0.7823639984172291,2017-05-13
0.7567266090762337,2017-05-14
0.868871150265984,2017-05-15
0.790923623889244,2017-05-16
0.7725132955581075,2017-05-17
0.7545434079719946,2017-05-18
0.8053173443227614,2017-05-19
0.7950756848566293,2017-05-20
0.7758752364931221,2017-05-21
0.8188026427986699,2017-05-22
0.8077646220649114,2017-05-23
0.8182786291266964,2017-05-24
0.7963183507750851,2017-05-25
0.8059225422667154,2017-05-26
0.8184922286719054,2017-05-27
0.7960341691802781,2017-05-28
0.8183686011719838,2017-05-29
0.7769128458348394,2017-05-30
0.8047087612690531,2017-05-31
0.821279294117194,2017-06-01
0.8177931034811344,2017-06-02
0.856399812672691,2017-06-03
0.8504759676104137,2017-06-04
0.8449774420709101,2017-06-05
0.8289016713014374,2017-06-06
0.8300530083380221,2017-06-07
0.8238954414489611,2017-06-08
0.8200113986167709,2017-06-09
0.8402962836860912,2017-06-10
0.7889404150336282,2017-06-11
0.7656990140388956,2017-06-12
0.8425267593382372,2017-06-13
0.7767925455527417,2017-06-14
0.8175990239336423,2017-06-15
0.7911188172472209,2017-06-16
0.8078503561871557,2017-06-17
0.8073983901294204,2017-06-18
0.8660134937794846,2017-06-19
0.8203196107424561,2017-06-20
0.8382919750540255,2017-06-21
0.8032900476761877,2017-06-22
0.8317235302902231,2017-06-23
0.8379350788939081,2017-06-24
0.8205715045447575,2017-06-25
0.8122733797326043,2017-06-26
0.8327045546158923,2017-06-27
0.7944370857641367,2017-06-28
0.7683995752063999,2017-06-29
0.8050453068428248,2017-06-30
0.826014835756986,2017-07-01
0.7761681942213583,2017-07-02
0.7926345845373505,2017-07-03
0.8896899297948472,2017-07-04
0.8113600383203846,2017-07-05
0.7923355436574911,2017-07-06
0.7922892708516441,2017-07-07
0.8216482048625408,2017-07-08
0.8175521018351594,2017-07-09
0.8100644949710277,2017-07-10
0.7878210999189309,2017-07-11
0.7902342913027092,2017-07-12
0.8159669743448876,2017-07-13
0.8373285831470774,2017-07-14
0.8258252127497452,2017-07-15
0.7644219401143407,2017-07-16
0.8414851895137644,2017-07-17
0.8500038343269507,2017-07-18
0.8162080274101541,2017-07-19
0.7665552404677265,2017-07-20
0.7748078209655115,2017-07-21
0.7936755189791136,2017-07-22
0.7941405224028941,2017-07-23
0.8144985064410578,2017-07-24
0.8146229984124868,2017-07-25
0.8204188023315528,2017-07-26
0.7933990188809453,2017-07-27
0.8131494911677168,2017-07-28
0.7793709302186764,2017-07-29
0.8168342691544834,2017-07-30
0.8008110244903632,2017-07-31
0.8199113949348711,2017-08-01
0.8001711468855521,2017-08-02
0.7663345743766738,2017-08-03
0.8131096286013932,2017-08-04
0.8059460125003314,2017-08-05
0.751244861528714,2017-08-06
0.805091935272989,2017-08-07
0.8126370450243537,2017-08-08
0.8144854473549761,2017-08-09
0.7985648333662543,2017-08-10
0.7928761646457643,2017-08-11
0.7421284839433807,2017-08-12
0.7670363886376722,2017-08-13
0.7964586109911842,2017-08-14
0.7886850275828783,2017-08-15
0.8206521709856608,2017-08-16
0.7848456179851648,2017-08-17
0.8140545721921758,2017-08-18
0.8330341226943878,2017-08-19
0.8046472688765126,2017-08-20
0.8462644989463022,2017-08-21
0.8541905723991221,2017-08-22
0.8178593013918573,2017-08-23
0.8354633340287593,2017-08-24
0.7833161667819422,2017-08-25
0.813073330662573,2017-08-26
0.7827133975547775,2017-08-27
0.8231508848144687,2017-08-28
0.8156114401544832,2017-08-29
0.8296526994792707,2017-08-30
0.8338256611291397,2017-08-31
0.8077398713704941,2017-09-01
0.8316665769747119,2017-09-02
0.8170922220163714,2017-09-03
0.7809498663407205,2017-09-04
0.850320732072263,2017-09-05
0.8355704892391947,2017-09-06
0.839737884016908,2017-09-07
0.8289333473007385,2017-09-08
0.8359162949131294,2017-09-09
0.8422826386015249,2017-09-10
0.8402170880310262,2017-09-11
0.7789302144657375,2017-09-12
0.8245033086775545,2017-09-13
0.7926045628297318,2017-09-14
0.8079913897136898,2017-09-15
0.8515669759025022,2017-09-16
0.833005816098433,2017-09-17
0.8473719183714259,2017-09-18
0.8294806079290942,2017-09-19
0.8231718594393468,2017-09-20
0.8595506225294676,2017-09-21
0.8545143800047419,2017-09-22
0.8268042967210404,2017-09-23
0.8088405053300955,2017-09-24
0.8352782985144862,2017-09-25
0.8109539827744291,2017-09-26
0.8063727736284346,2017-09-27
0.8220098332726905,2017-09-28
0.8104378800999631,2017-09-29
0.8264627214328473,2017-09-30
0.7388275888320173,2017-10-01
0.7974155592470894,2017-10-02
0.7885566079454707,2017-10-03
0.7908770081354497,2017-10-04
0.7775905044737333,2017-10-05
0.7856504450524847,2017-10-06
0.7466456725650326,2017-10-07
0.7886730857456815,2017-10-08
0.8323468946330358,2017-10-09
0.8544169828504917,2017-10-10
0.8229551449609284,2017-10-11
0.7947306453729023,2017-10-12
0.830727995760316,2017-10-13
0.7551693135153118,2017-10-14
0.8199858904634828,2017-10-15
0.8193938064753693,2017-10-16
0.7866432575367666,2017-10-17
0.8063781148816972,2017-10-18
0.7943484331733517,2017-10-19
0.8421126326240642,2017-10-20
0.8334037189846077,2017-10-21
0.8188687601233547,2017-10-22
0.7935066920653996,2017-10-23
0.8185513141140877,2017-10-24
0.827117891544572,2017-10-25
0.807494969087293,2017-10-26
0.7996106047854243,2017-10-27
0.8100090468391834,2017-10-28
0.8286803047471033,2017-10-29
0.8047591837027365,2017-10-30
0.8038975204945447,2017-10-31
0.8186676824374106,2017-11-01
0.8231184824475776,2017-11-02
0.8043714884816843,2017-11-03
0.8134246161983428,2017-11-04
0.8158830359965151,2017-11-05
0.8154053726228937,2017-11-06
0.8374544185815086,2017-11-07
0.8261679962746884,2017-11-08
0.7758321201810097,2017-11-09
0.8174369662042504,2017-11-10
0.8359560898232223,2017-11-11
0.8201109463089168,2017-11-12
0.7970128574976383,2017-11-13
0.8472904785491562,2017-11-14
0.8454897104235902,2017-11-15
0.8194154398739473,2017-11-16
0.7804747488009268,2017-11-17
0.795265595340532,2017-11-18
0.8285427262861065,2017-11-19
0.8435101325649216,2017-11-20
0.844230605154526,2017-11-21
0.811671566000351,2017-11-22
0.8000732661719453,2017-11-23
0.8178140619512023,2017-11-24
0.7997378621100502,2017-11-25
0.7914312935380826,2017-11-26
0.7581363740805799,2017-11-27
0.813408769711079,2017-11-28
0.7902861410463721,2017-11-29
0.8200866102917885,2017-11-30
0.7567385633457615,2017-12-01
0.8124149244155515,2017-12-02
0.7949536424203903,2017-12-03
0.8070502778924558,2017-12-04
0.7883854125584546,2017-12-05
0.7758896618735139,2017-12-06
0.8031489892951599,2017-12-07
0.757186968957333,2017-12-08
0.7760866241022881,2017-12-09
0.7124067314867859,2017-12-10
0.7440649411066691,2017-12-11
0.7412652230860424,2017-12-12
0.7086992754930348,2017-12-13
0.7339785941607113,2017-12-14
0.7295526972684093,2017-12-15
0.6412056375816934,2017-12-16
0.6683360499138206,2017-12-17
0.7825857466685868,2017-12-18
0.7823035010131638,2017-12-19
0.7177569767955001,2017-12-20
0.7708063078926292,2017-12-21
0.696519420311626,2017-12-22
0.7580549030489413,2017-12-23
0.7850951675135753,2017-12-24
0.69866960687302,2017-12-25
0.7363773897159236,2017-12-26
0.6942352158192863,2017-12-27
0.7943526421062813,2017-12-28
0.7036354734162027,2017-12-29
0.7969512528848061,2017-12-30
0.8188618189554824,2017-12-31
0.6664105165152389,2018-01-01
0.754991450449064,2018-01-02
0.7363241495267289,2018-01-03
0.6588620211206759,2018-01-04
0.6961878201928207,2018-01-05
0.7762669491150703,2018-01-06
0.7642079332766385,2018-01-07
0.7118115766992462,2018-01-08
0.7452979518919273,2018-01-09
0.7277567539467814,2018-01-10
0.7119081126545309,2018-01-11
0.793861648730825,2018-01-12
0.7951761670544873,2018-01-13
0.7911586716198928,2018-01-14
0.8576925190949851,2018-01-15
0.770631744591992,2018-01-16
0.7295227876432728,2018-01-17
0.6204292590532355,2018-01-18
0.8067919176035424,2018-01-19
0.8241170706751669,2018-01-20
0.8015061196284265,2018-01-21
0.7923992379904486,2018-01-22
0.7817599913595236,2018-01-23
0.7988694371286766,2018-01-24
0.7875041748880361,2018-01-25
0.7913406801295059,2018-01-26
0.8267590225875575,2018-01-27
0.7968682140855684,2018-01-28
0.8098284939340374,2018-01-29
0.7832201369709514,2018-01-30
0.7663878034011834,2018-01-31
0.7994826810019829,2018-02-01
0.7782974840189214,2018-02-02
0.7448089187094913,2018-02-03
0.735635876370978,2018-02-04
0.7321543284913645,2018-02-05
0.8107429126937792,2018-02-06
0.805042147676925,2018-02-07
0.8472634977178117,2018-02-08
0.770857556058894,2018-02-09
0.8143842436569503,2018-02-10
0.7866668293441389,2018-02-11
0.8133867961213346,2018-02-12
0.8160281455326567,2018-02-13
0.8018285366051345,2018-02-14
0.8130827412723237,2018-02-15
0.8186274843049074,2018-02-16
0.8428283427417982,2018-02-17
0.8039109741959989,2018-02-18
0.8366624843608571,2018-02-19
0.8102505936071309,2018-02-20
0.7993100896417177,2018-02-21
0.7887773103749407,2018-02-22
0.7636169321733397,2018-02-23
0.7886025438680213,2018-02-24
0.7854354529358707,2018-02-25
0.768212102555918,2018-02-26
0.807779059034292,2018-02-27
0.7949086438215947,2018-02-28
0.8035181028266974,2018-03-01
0.7602822652252466,2018-03-02
0.8095480658410208,2018-03-03
0.7868749144096845,2018-03-04
0.8171234685250276,2018-03-05
0.8534795319464578,2018-03-06
0.8284603094892505,2018-03-07
0.7880386694761166,2018-03-08
0.826570408739502,2018-03-09
0.6821683994907082,2018-03-10
0.7203803835056926,2018-03-11
0.7719223588445283,2018-03-12
0.6495367838829262,2018-03-13
0.7446497502824599,2018-03-14
0.7893638482075348,2018-03-15
0.7524864165727171,2018-03-16
0.8231220101314054,2018-03-17
0.7971689688412323,2018-03-18
0.8007315215308044,2018-03-19
0.792357127509596,2018-03-20
0.8259389029345082,2018-03-21
0.7974903260572117,2018-03-22
0.7887281999102536,2018-03-23
0.8062368852162386,2018-03-24
0.8114209502470658,2018-03-25
0.8015747616048712,2018-03-26
0.8292854487868686,2018-03-27
0.814101355492201,2018-03-28
0.8137423022442233,2018-03-29
0.8118965977133146,2018-03-30
0.8451151259225334,2018-03-31
0.8432991283752785,2018-04-01
0.8405895375067152,2018-04-02
0.8140078976828526,2018-04-03
0.8253930644535701,2018-04-04
0.8398597901477198,2018-04-05
0.8262533510152202,2018-04-06
0.817236208906781,2018-04-07
0.8147150991594027,2018-04-08
0.8142442349515804,2018-04-09
0.8327571138162855,2018-04-10
0.8033808678625421,2018-04-11
0.8217349613993258,2018-04-12
0.8241033866948689,2018-04-13
0.7672372599747588,2018-04-14
0.797356247312918,2018-04-15
0.7467953121243812,2018-04-16
0.7938943454886326,2018-04-17
0.8022373356520656,2018-04-18
0.8416423668494117,2018-04-19
0.8077206048677439,2018-04-20
0.8446158196925996,2018-04-21
0.8479942746447069,2018-04-22
0.8071326766688134,2018-04-23
0.823131339868803,2018-04-24
0.8215719076714655,2018-04-25
0.8372644194621853,2018-04-26
0.8466444332042308,2018-04-27
0.8182330813325049,2018-04-28
0.7632683262309519,2018-04-29
0.8017213237783214,2018-04-30
0.8200361036321535,2018-05-01
0.7919709005759181,2018-05-02
0.7333336026361126,2018-05-03
0.7770056480724986,2018-05-04
0.8289247589196495,2018-05-05
0.8012256401174086,2018-05-06
0.8055203230885237,2018-05-07
0.8089254837640859,2018-05-08
0.7702062011602242,2018-05-09
0.8017761741868097,2018-05-10
0.775179450018174,2018-05-11
0.8273152013146412,2018-05-12
0.8142845565060438,2018-05-13
0.7933224953551541,2018-05-14
0.7829300093435493,2018-05-15
0.8172353576429012,2018-05-16
0.7580972506226094,2018-05-17
0.805076482286642,2018-05-18
0.7621349533077906,2018-05-19
0.8033383060642388,2018-05-20
0.7327684115592419,2018-05-21
0.7809752475146916,2018-05-22
0.7554799715243365,2018-05-23
0.7870461367151124,2018-05-24
0.7490829662544466,2018-05-25
0.7937197377572077,2018-05-26
0.801500995138417,2018-05-27
0.7649111696652949,2018-05-28
0.7752996692442642,2018-05-29
0.7556692851802149,2018-05-30
0.7317390676331096,2018-05-31
0.7975029297496631,2018-06-01
0.7881775782094222,2018-06-02
0.7706496201903382,2018-06-03
0.7795868699703687,2018-06-04
0.8019799164841867,2018-06-05
0.7878980393918953,2018-06-06
0.789801486175352,2018-06-07
0.7837893952812123,2018-06-08
0.7927636941364976,2018-06-09
0.793254392854295,2018-06-10
0.7807461293734845,2018-06-11
0.7707766350204766,2018-06-12
0.8172059293417004,2018-06-13
0.7821588061551771,2018-06-14
0.7666757581720344,2018-06-15
0.7554608376384878,2018-06-16
0.8299556470369858,2018-06-17
0.8307729209766299,2018-06-18
0.7915976448575311,2018-06-19
0.8257917929786026,2018-06-20
0.7960021828663809,2018-06-21
0.7664668705661902,2018-06-22
0.7544858029599639,2018-06-23
0.7680699430470439,2018-06-24
0.7801811534671546,2018-06-25
0.758232498838121,2018-06-26
0.8285665376412787,2018-06-27
0.7658020415834783,2018-06-28
0.7739629015307002,2018-06-29
0.7043754873407544,2018-06-30
0.7231852178076782,2018-07-01
0.7818749834817281,2018-07-02
0.8017284689037184,2018-07-03
0.8495538627397098,2018-07-04
0.7795126839426639,2018-07-05
0.7975568235799873,2018-07-06
0.7385235551974854,2018-07-07
0.7591990690135239,2018-07-08
0.7486587948638248,2018-07-09
0.7667163366581821,2018-07-10
0.7842748989254428,2018-07-11
0.759259976785618,2018-07-12
0.7586999815660219,2018-07-13
0.7597687963239801,2018-07-14
0.7921641543781182,2018-07-15
0.8054942430182602,2018-07-16
0.801060770314019,2018-07-17
0.7707563717476222,2018-07-18
0.7498208095088296,2018-07-19
0.737604818212165,2018-07-20
0.7243240745610686,2018-07-21
0.7216948806017764,2018-07-22
0.7915762093833206,2018-07-23
0.7596272425525051,2018-07-24
0.7880210866280651,2018-07-25
0.7971300708035438,2018-07-26
0.7707850288118019,2018-07-27
0.738314450608174,2018-07-28
0.7890393458130127,2018-07-29
0.7431589683972539,2018-07-30
0.7300509971222819,2018-07-31
0.7519866918305225,2018-08-01
0.7162343369684554,2018-08-02
0.7406639531105172,2018-08-03
0.754696898876488,2018-08-04
0.7556285748618919,2018-08-05
0.7289904213192672,2018-08-06
0.7389598694398282,2018-08-07
0.7464869603003269,2018-08-08
0.7381090106366651,2018-08-09
0.7378547527544139,2018-08-10
0.7795444435742538,2018-08-11
0.7918555826955738,2018-08-12
0.7578607389544096,2018-08-13
0.7845837038050603,2018-08-14
0.7909735861929584,2018-08-15
0.7551127260178542,2018-08-16
0.7772903937506032,2018-08-17
0.7351550803060948,2018-08-18
0.7185297244734081,2018-08-19
0.7363560564522,2018-08-20
0.75985410598855,2018-08-21
0.78877974028151,2018-08-22
0.7407493037594682,2018-08-23
0.7377759965730142,2018-08-24
0.77797452460639,2018-08-25
0.7295105254904083,2018-08-26
0.8013034722534472,2018-08-27
0.7610883546752873,2018-08-28
0.7695318997933323,2018-08-29
0.7646933160517224,2018-08-30
0.7897236447292955,2018-08-31
0.7520314746007659,2018-09-01
0.776428221403075,2018-09-02
0.7875999595864195,2018-09-03
0.7916118146214028,2018-09-04
0.7931881834360599,2018-09-05
0.7596649037234988,2018-09-06
0.7430837366246703,2018-09-07
0.7720428712137873,2018-09-08
0.7759520171686476,2018-09-09
0.8015224220332415,2018-09-10
0.8084041439143896,2018-09-11
0.8051444939489516,2018-09-12
0.8232674493740597,2018-09-13
0.8321948846703235,2018-09-14
0.8562773779355384,2018-09-15
0.8168484991812889,2018-09-16
0.8498278805876867,2018-09-17
0.8071134348093424,2018-09-18
0.7539148304158717,2018-09-19
0.784105394707396,2018-09-20
0.7981673260996073,2018-09-21
0.8057005678665937,2018-09-22
0.7935560644396386,2018-09-23
0.8157947566434516,2018-09-24
0.7809590519475283,2018-09-25
0.7755365412788192,2018-09-26
0.8080376249379825,2018-09-27
0.7973089781067157,2018-09-28
0.7974040496209094,2018-09-29
0.7591962190947845,2018-09-30
0.8073102820534804,2018-10-01
0.7888002416011752,2018-10-02
0.782916597767611,2018-10-03
0.7812631321704347,2018-10-04
0.7605998778534883,2018-10-05
0.7718148909458032,2018-10-06
0.7216453750607895,2018-10-07
0.7813630104450662,2018-10-08
0.7423295713595855,2018-10-09
0.7903468593993239,2018-10-10
0.7669876703679185,2018-10-11
0.7397562190946442,2018-10-12
0.7476349171305842,2018-10-13
0.752451383273143,2018-10-14
0.7406258094851705,2018-10-15
0.7668071248330617,2018-10-16
0.7453991821040229,2018-10-17
0.7431267805162005,2018-10-18
0.7822780842560584,2018-10-19
0.7936720167775012,2018-10-20
0.7485901231411879,2018-10-21
0.7492527065474518,2018-10-22
0.8241960674500353,2018-10-23
0.7644276518206649,2018-10-24
0.71635789332688,2018-10-25
0.7558254432319226,2018-10-26
0.7153587639023828,2018-10-27
0.718080467324923,2018-10-28
0.8082817462182209,2018-10-29
0.7786506401762577,2018-10-30
0.7606201246706399,2018-10-31
0.7806303431013637,2018-11-01
0.7747511911184531,2018-11-02
0.7099283662661009,2018-11-03
0.7187992880452859,2018-11-04
0.7724600859295235,2018-11-05
0.7373562592954755,2018-11-06
0.7634198104549061,2018-11-07
0.765658611905151,2018-11-08
0.7252278963843408,2018-11-09
0.7084397960527742,2018-11-10
0.7228873392777544,2018-11-11
0.7714220294844781,2018-11-12
0.7325845234511992,2018-11-13
0.7517728780060304,2018-11-14
0.7566200055606849,2018-11-15
0.7616385581505101,2018-11-16
0.7411607858652861,2018-11-17
0.7421455172224547,2018-11-18
0.7989677333908192,2018-11-19
0.7802105402012239,2018-11-20
0.7978406591321212,2018-11-21
0.779095860070055,2018-11-22
0.8081344160800894,2018-11-23
0.7981904747843038,2018-11-24
0.758294926740412,2018-11-25
0.7766787635391222,2018-11-26
0.7089092909056675,2018-11-27
0.7400497440074979,2018-11-28
0.7474384242002953,2018-11-29
0.7494185123550894,2018-11-30
0.7533543175631792,2018-12-01
0.7304147078383163,2018-12-02
0.7739983675844327,2018-12-03
0.8061188890090099,2018-12-04
0.7597538039156659,2018-12-05
0.7447235579556926,2018-12-06
0.7771645184775436,2018-12-07
0.5718253114400578,2018-12-08
0.6874439398445801,2018-12-09
0.7256854417051398,2018-12-10
0.7761608912963593,2018-12-11
0.7603934951346127,2018-12-12
0.7599790609603356,2018-12-13
0.7710369042693601,2018-12-14
0.6915119462451441,2018-12-15
0.724805906470294,2018-12-16
0.7154465115141991,2018-12-17
0.7482089094569722,2018-12-18
0.7430526808343841,2018-12-19
0.7466717088292522,2018-12-20
0.689610925556636,2018-12-21
0.6991001353998979,2018-12-22
0.7582200168334795,2018-12-23
0.7199144325353646,2018-12-24
0.6479211203601666,2018-12-25
0.796885120576479,2018-12-26
0.8036889409906393,2018-12-27
0.8001952404222511,2018-12-28
0.8091538877149921,2018-12-29
0.7746296453788905,2018-12-30
0.7778121118876551,2018-12-31
0.7211352719191197,2019-01-01
0.7929199176960832,2019-01-02
0.7482611844713148,2019-01-03
0.7442598745178426,2019-01-04
0.7086968456360215,2019-01-05
0.7104518282240129,2019-01-06
0.7356309530654169,2019-01-07
0.7856283391764958,2019-01-08
0.7565543175087109,2019-01-09
0.7139879717264452,2019-01-10
0.7454295723406059,2019-01-11
0.7098484473935784,2019-01-12
0.6707414303043917,2019-01-13
0.6758727609070649,2019-01-14
0.7657226947017517,2019-01-15
0.7329706002247537,2019-01-16
0.7045287251503727,2019-01-17
0.7479129205010286,2019-01-18
0.7713377835575145,2019-01-19
0.5444210008047085,2019-01-20
0.5424410660685494,2019-01-21
0.7156111401174639,2019-01-22
0.7569174306544614,2019-01-23
0.7027410648581732,2019-01-24
0.7373683855213796,2019-01-25
0.7073627861490513,2019-01-26
0.7023369487005909,2019-01-27
0.7251348742352834,2019-01-28
0.7798001562247859,2019-01-29
0.7232808661916976,2019-01-30
0.6241847901646131,2019-01-31
0.682516692248066,2019-02-01
0.703514704596227,2019-02-02
0.6215061219227743,2019-02-03
0.7074400858301975,2019-02-04
0.7019795815154533,2019-02-05
0.765960258922496,2019-02-06
0.7219353917220178,2019-02-07
0.7191147342148023,2019-02-08
0.6611317371607929,2019-02-09
0.7018961118630803,2019-02-10
0.785985490348482,2019-02-11
0.7747378855865732,2019-02-12
0.7729737947482329,2019-02-13
0.7485497784428676,2019-02-14
0.7682223203531517,2019-02-15
0.8035856056630908,2019-02-16
0.7748483383544588,2019-02-17
0.7713208009365815,2019-02-18
0.8046626197241394,2019-02-19
0.7565471207419796,2019-02-20
0.663064408841581,2019-02-21
0.6816743206833142,2019-02-22
0.7263577897710339,2019-02-23
0.7013694770077363,2019-02-24
0.6860979481644224,2019-02-25
0.7465234850765098,2019-02-26
0.751432345014192,2019-02-27
0.7555122564818187,2019-02-28
0.7183098591093395,2019-03-01
0.7308294135196158,2019-03-02
0.7248530045412024,2019-03-03
0.6356320034124142,2019-03-04
0.705765136105632,2019-03-05
0.7616384554684794,2019-03-06
0.7492455026750688,2019-03-07
0.7432930589637845,2019-03-08
0.7219871475204593,2019-03-09
0.6954339974402866,2019-03-10
0.7148459475030614,2019-03-11
0.831108462484152,2019-03-12
0.7867508265811506,2019-03-13
0.7508729333486359,2019-03-14
0.7557660575337806,2019-03-15
0.7940389077416761,2019-03-16
0.8096893654479934,2019-03-17
0.8152286576847072,2019-03-18
0.8338184459724015,2019-03-19
0.8306681948723807,2019-03-20
0.7675456380791321,2019-03-21
0.7606658185436893,2019-03-22
0.7862943662834684,2019-03-23
0.7573318889116488,2019-03-24
0.8179572154771003,2019-03-25
0.839872641998552,2019-03-26
0.7412104702189356,2019-03-27
0.7251074912671176,2019-03-28
0.7550238039633449,2019-03-29
0.653766770833753,2019-03-30
0.6978575528302364,2019-03-31
0.7634193031596824,2019-04-01
0.8276684170770778,2019-04-02
0.7927129746557525,2019-04-03
0.7852241005033305,2019-04-04
0.7860627932561189,2019-04-05
0.6798152972512742,2019-04-06
0.7636669119258213,2019-04-07
0.8081143381894359,2019-04-08
0.8193203914680401,2019-04-09
0.8230041835146308,2019-04-10
0.7974983947555309,2019-04-11
0.814846919148339,2019-04-12
0.789610833328069,2019-04-13
0.8338395921984973,2019-04-14
0.7980360445054338,2019-04-15
0.8211508595301004,2019-04-16
0.8552674149781752,2019-04-17
0.851363056440449,2019-04-18
0.7929485663510719,2019-04-19
0.6997325367055659,2019-04-20
0.8441355342004854,2019-04-21
0.8144407611583104,2019-04-22
0.8128837645565493,2019-04-23
0.8380611857364815,2019-04-24
0.842392758159888,2019-04-25
0.8103580482280766,2019-04-26
0.8101602412250114,2019-04-27
0.7841208259633501,2019-04-28
0.8308561669603811,2019-04-29
0.8112618809273431,2019-04-30
0.8385923306639455,2019-05-01
0.818242541450699,2019-05-02
0.8014099293275395,2019-05-03
0.7350079655042066,2019-05-04
0.8310018576521824,2019-05-05
0.804330916138061,2019-05-06
0.843637756345425,2019-05-07
0.8298515412331492,2019-05-08
0.7832470166505658,2019-05-09
0.8550051304464013,2019-05-10
0.8558297542635219,2019-05-11
0.8668680328407276,2019-05-12
0.7854195835203267,2019-05-13
0.83094688477214,2019-05-14
0.8501956076802747,2019-05-15
0.7939024081449575,2019-05-16
0.8199679043719426,2019-05-17
0.8531481827975738,2019-05-18
0.8735056205324385,2019-05-19
0.8585858407110658,2019-05-20
0.8417173983252555,2019-05-21
0.8177426450043503,2019-05-22
0.8373315002656208,2019-05-23
0.8577111450565008,2019-05-24
0.8534590173500766,2019-05-25
0.8245475983943541,2019-05-26
0.779472796797604,2019-05-27
0.7850598603506007,2019-05-28
0.7904841060869104,2019-05-29
0.7962564446133038,2019-05-30
0.7952681562281504,2019-05-31
0.8371326003788311,2019-06-01
0.867284687963644,2019-06-02
0.8509907450939813,2019-06-03
0.8338176158277527,2019-06-04
0.8683131093052397,2019-06-05
0.8681806124885989,2019-06-06
0.8053384504265065,2019-06-07
0.7439125618555706,2019-06-08
0.845970526528722,2019-06-09
0.8282616932140061,2019-06-10
0.8105026449717418,2019-06-11
0.8458386987557517,2019-06-12
0.8405187331050833,2019-06-13
0.8092091375155253,2019-06-14
0.7349708043240655,2019-06-15
0.8286772058084119,2019-06-16
0.8147931883577698,2019-06-17
0.837253172668236,2019-06-18
0.8337825545346854,2019-06-19
0.840659837829673,2019-06-20
0.8538577567878858,2019-06-21
0.7847377739877809,2019-06-22
0.7355230071440597,2019-06-23
0.7705800018337664,2019-06-24
0.8389946358808094,2019-06-25
0.8158514339870376,2019-06-26
0.8499121778579977,2019-06-27
0.8577063566680094,2019-06-28
0.8490519745922762,2019-06-29
0.8145371970977271,2019-06-30
0.8540661506444537,2019-07-01
0.8385987780614497,2019-07-02
0.8356391033294556,2019-07-03
0.8047900264376358,2019-07-04
0.8166596537533956,2019-07-05
0.8429196012310355,2019-07-06
0.8444484954138274,2019-07-07
0.8214978938615545,2019-07-08
0.805098113030526,2019-07-09
0.8210437493701396,2019-07-10
0.8074965534964984,2019-07-11
0.8072961605588789,2019-07-12
0.7802455058903601,2019-07-13
0.8526847158628094,2019-07-14
0.8328498880651671,2019-07-15
0.8287719936458432,2019-07-16
0.7636245812168724,2019-07-17
0.81869100356413,2019-07-18
0.7828613409760848,2019-07-19
0.7525356819582057,2019-07-20
0.7486192206105735,2019-07-21
0.8074077296713518,2019-07-22
0.7628842874720805,2019-07-23
0.7891930032548223,2019-07-24
0.8385643098417951,2019-07-25
0.8240091887157611,2019-07-26
0.7834295087883765,2019-07-27
0.8040351854800869,2019-07-28
0.838826061734415,2019-07-29
0.7691265778578495,2019-07-30
0.7676791507876232,2019-07-31
0.8074972791460575,2019-08-01
0.8311700081065146,2019-08-02
0.798181402523455,2019-08-03
0.8271212636094378,2019-08-04
0.7999530833772016,2019-08-05
0.8005563598622096,2019-08-06
0.8063498353633589,2019-08-07
0.8660474042199398,2019-08-08
0.8632408790468219,2019-08-09
0.7857786328396397,2019-08-10
0.8045837452284477,2019-08-11
0.8214190655724809,2019-08-12
0.8567847654934906,2019-08-13
0.8312749724270078,2019-08-14
0.8137867103975907,2019-08-15
0.81532054234639,2019-08-16
0.8254227681345938,2019-08-17
0.7971366477794294,2019-08-18
0.8142269081614056,2019-08-19
0.8496359125093507,2019-08-20
0.8511337519156761,2019-08-21
0.8345840031486689,2019-08-22
0.8514998475698303,2019-08-23
0.8177472442690715,2019-08-24
0.835923825726836,2019-08-25
0.8313646517919385,2019-08-26
0.8342234188539727,2019-08-27
0.8396580842142457,2019-08-28
0.8641285620196463,2019-08-29
0.8759316502562521,2019-08-30
0.8164475399422745,2019-08-31
